First Name,Last Name,Email,Phone,Company Name,Tags,Website,Source
,,lord.built@verizon.net,+18632387811,"Lord Built Construction, Inc.","import:supabase, status:outreach_sent, niche:remodeler",https://www.lordbuiltconstructioninc.com/,google_places
,,legacyds@yahoo.com,+18636981440,"Legacy Dance Studio, LLC","import:supabase, status:outreach_sent, niche:dance studio",https://legacydancebartow.com/,google_places
Momentum,Mechanical,admin@momentummechanical.com,+18176240024,,"import:supabase, status:sequence_complete",,direct-audit
,,ironheadtreeservices@gmail.com,+18633072553,IronHead Tree Service,"import:supabase, status:outreach_sent, niche:tree removal service",https://www.ironheadtreeservice.com/,google_places
,,lakeland@1tomplumber.com,+18632251411,1-Tom-Plumber,"import:supabase, status:outreach_sent, niche:plumbing company",https://www.1tomplumber.com/lakeland-fl/,google_places
,,proplumbing1@originalplumber.com,+18636691905,Pro Plumbing LLC,"import:supabase, status:outreach_sent, niche:plumbing company",http://originalplumber.com/,google_places
,,ljrenovations22@gmail.com,+18633408022,L & J Home Renovations,"import:supabase, status:outreach_sent, niche:remodeler",https://www.ljhomerenovations.com/,google_places
,,centerstateplumbing@gmail.com,+18636696008,"Centerstate Plumbing Services, LLC","import:supabase, status:outreach_sent, niche:plumbing company",http://www.centerstateplumbing.com/,google_places
daniel,coffman,nearmiss1193@gmail.com,,,"import:supabase, status:new",,direct-audit
,,cheyenne@true-builders.com,+18633439018,True Plumbers & AC,"import:supabase, status:outreach_sent, niche:plumbing company",https://trueplumbers.com/lakeland/?utm_source=google&utm_medium=organic&utm_campaign=GMBListing-Lakeland-FL,google_places
Unknown,,secret_shopper_fixed@aiserviceco.com,,,"import:supabase, status:new",,direct-audit
,,absolutetpfl@gmail.com,+18638009618,Absolute Termite and Pests LLC,"import:supabase, status:outreach_sent, niche:pest control company",http://www.absolutetermiteandpestsllc.com/,google_places
,,jlocke@johnlockepainting.com,+18636477000,"John Locke Painting, Inc","import:supabase, status:outreach_sent, niche:painting contractor",http://www.johnlockepainting.com/,google_places
,,service@totalpestsolutionsfl.com,+18635853636,"Total Pest Solutions, Inc.","import:supabase, status:outreach_sent, niche:pest control company",https://totalpestsolutionsfl.com/,google_places
,,northsidelakeland@gmail.com,+18636861977,Northside Christian Preschool,"import:supabase, status:outreach_sent, niche:preschool",https://www.northsidelakeland.com/preschool,google_places
,,gullettroofing@hotmail.com,+18634122821,Gullett Roofing,"import:supabase, status:new, niche:roofing contractor",http://www.gullettroofing.com/,google_places
Owner,27,contact@cooling27.com,+18635550027,,"import:supabase, status:new",https://www.cooling27.com,direct-audit
Dallas,Heating & Cooling,quotes@dallashvac.com,+12145550162,,"import:supabase, status:new",,direct-audit
Nextdoor,Ad Sales,ads@nextdoor.com,,,"import:supabase, status:new",https://nextdoor.com,direct-audit
TemperaturePro,,northaustin@temperaturepro.com,+15122225375,,"import:supabase, status:new",,direct-audit
Northside,Air Conditioning,info@northsideair.com,+19729966511,,"import:supabase, status:new",,direct-audit
BCS,Air Solutions,admin@airsolutionsbcs.com,+1979.693.2984,,"import:supabase, status:new",,direct-audit
Springer,,derek@springerbrosac.com,+18636880448,"Springer Bros. Air Conditioning & Heating, LLC","import:supabase, status:new, niche:Hvac Contractor",https://springerbros.net/?utm_source=Website&utm_medium=GMB,lakeland_finds_directory
austin,owner,admin@austineliteplumber.com,,,"import:supabase, status:new",,direct-audit
top,owner,info@bestlocksmithaustin.com,,,"import:supabase, status:new",,direct-audit
tampa,owner,admin@tampaelitehvac.com,,,"import:supabase, status:new",,direct-audit
top,owner,info@besthvacaustin.com,,,"import:supabase, status:new",,direct-audit
top,owner,info@bestelectriciantampa.com,,,"import:supabase, status:new",,direct-audit
tampa,owner,admin@tampaeliteplumber.com,,,"import:supabase, status:new",,direct-audit
top,owner,info@bestlocksmithtampa.com,,,"import:supabase, status:new",,direct-audit
sunset,law firm,info@sunsetlawfirm.io,,,"import:supabase, status:new",,direct-audit
pacific,legal group,info@pacificlegal.io,,,"import:supabase, status:new",,direct-audit
west,coast justice,info@westcoastjustice.net,,,"import:supabase, status:new",,direct-audit
metro,accident pros,info@metroaccident-la.com,,,"import:supabase, status:new",,direct-audit
top,owner,info@besthvactampa.com,,,"import:supabase, status:new",,direct-audit
flood,proof miami,info@floodproofmiami.io,,,"import:supabase, status:new",,direct-audit
dryout,miami,info@dryoutmiami.net,,,"import:supabase, status:new",,direct-audit
water,damage pro fl,info@waterdamageprofl.com,,,"import:supabase, status:new",,direct-audit
la,injury advocates,info@lainjuryadvocates.com,,,"import:supabase, status:new",,direct-audit
top,owner,info@besthvacdallas.com,,,"import:supabase, status:new",,direct-audit
top,owner,info@besttowingdallas.com,,,"import:supabase, status:new",,direct-audit
Central,Aire Heating & Air Conditoning Service Inc.,info@centralaireinc.com,+19513522802,,"import:supabase, status:new",,direct-audit
Mesquite,"Heating & Air Conditioning, Inc.",info@mesquiteheatingandair.com,+19722897414,,"import:supabase, status:new",,direct-audit
BTAC,,CONTACT@BTACINC.COM,+18068062822,,"import:supabase, status:new",,direct-audit
dallas,owner,admin@dallaselitehvac.com,,,"import:supabase, status:new",,direct-audit
The,Weather Changers,office@theweatherchangers.com,+13033400077,,"import:supabase, status:new",,direct-audit
Roth,Home,info@roth-heat.com,+15036736394,,"import:supabase, status:new",,direct-audit
Willard,"Air Conditioning, Plumbing, and Electrical",info@willardac.com,+18172903525,,"import:supabase, status:new",,direct-audit
,,fivepointsroofingfl@gmail.com,+18636605834,Five Points Roofing,"import:supabase, status:new, niche:roofing contractor",https://fivepointsroofingfl.com/,google_places
Graham,,info@grahamac.com,+18633296770,Graham Heating & Air Conditioning - Lakeland,"import:supabase, status:new, niche:Hvac Contractor",https://www.grahamac.com/lakeland,lakeland_finds_directory
Rite,"Way Heating, Cooling & Plumbing",info@ritewayac.com,+16029752306,,"import:supabase, status:new",,direct-audit
miami,owner,admin@miamielitelocksmith.com,,,"import:supabase, status:new",,direct-audit
placeholder_lead,user,placeholder_lead@funnel.com,,,"import:supabase, status:new",,direct-audit
,,,+18632798743,CAMS A/C N Plumbing,"import:supabase, status:new, niche:HVAC contractor",https://camsairconditioning.com,direct-audit
,,support@cassplumbingtampabay.com,,Cass Plumbing Tampa Bay,"import:supabase, status:new, niche:plumbing company",https://cassplumbingtampabay.com,direct-audit
,,,+18636823803,Acu-Temp Heating & Cooling,"import:supabase, status:new, niche:HVAC contractor",https://acu-temp.com,direct-audit
,,,+18637017777,Action Heating and Cooling,"import:supabase, status:new, niche:HVAC contractor",https://actionheatingandcoolinginc.com,direct-audit
,,info@rothsairconditioning.com,+18638087877,Roth's Air Conditioning & Refrigeration,"import:supabase, status:new, niche:HVAC contractor",https://rothsairconditioning.com,direct-audit
,,,+18638607633,Affordable Air Conditioning and Heating,"import:supabase, status:new, niche:HVAC contractor",https://airconditioningandheatingfla.com,direct-audit
,,info@myroofersorlando.com,+13213668955,My Roofers Orlando,"import:supabase, status:new, niche:roofing contractor",https://myroofersorlando.com,direct-audit
,,sarasotalawnandlandscaping@yahoo.com,,Sarasota Lawn & Landscaping,"import:supabase, status:new, niche:landscaping company",https://sarasotalawnandlandscaping.com,direct-audit
Christian,Brothers Mechanical Services,Service@cbhvac.com,+118006052247,,"import:supabase, status:new",,direct-audit
,,,+18638594090,The Lakeland Air Conditioning Company,"import:supabase, status:new, niche:HVAC contractor",https://thelakelandac.com,direct-audit
,,seguralandscapingllc@gmail.com,,Segura Landscaping LLC,"import:supabase, status:new, niche:landscaping company",https://seguralandscapingllc.com,direct-audit
,,info@apipeservices.com,+14079013482,Associated Piping Services Inc.,"import:supabase, status:new, niche:plumbing company",https://www.apsorl.com/,google_places
,,roofcompanyorlando@gmail.com,+14076042017,Roof Company Orlando,"import:supabase, status:new, niche:roofing contractor",https://roofcompanyorlando.com,direct-audit
,,info@knockoutpestelimination.com,,Knock Out Pest Control Jax,"import:supabase, status:new, niche:pest control company",https://knockoutpestcontroljacksonville.com,direct-audit
,,info@yourmail.com,+18636801748,Goff Roof Systems,"import:supabase, status:new, niche:roofing contractor",https://goffroofsystems.com/,google_places
Bob,Jenson Air Conditioning and Heating,info@bobjenson.com,+16194405634,,"import:supabase, status:new",,direct-audit
top,owner,info@bestelectriciandallas.com,,,"import:supabase, status:new",,direct-audit
dallas,owner,admin@dallaseliteelectrician.com,,,"import:supabase, status:new",,direct-audit
houston,owner,admin@houstonelitehvac.com,,,"import:supabase, status:new",,direct-audit
,,info@bayareaplumbinginc.com,,Bay Area Plumbing Inc,"import:supabase, status:new, niche:plumbing company",https://bayareaplumbinginc.com,direct-audit
,,,+12392757888,Collier Electric Fort Myers,"import:supabase, status:new, niche:electrical contractor",https://collierelectricfm.com,direct-audit
,,info@performanceroofingusa.com,+14072101503,Performance Roofing USA,"import:supabase, status:new, niche:roofing contractor",https://performanceroofingusa.com,direct-audit
,,info@mypremiumplumbing.com,,Premium Plumbing Tampa,"import:supabase, status:new, niche:plumbing company",https://mypremiumplumbing.com,direct-audit
top,owner,info@bestplumbertampa.com,,,"import:supabase, status:new",,direct-audit
SeaTown,Electric Plumbing Heating & Air,Info@Seatownservices.Com,+12069053690,,"import:supabase, status:new",,direct-audit
,,test2@sunshine.com,+18135551002,,"import:supabase, status:new",,direct-audit
,,,+19043509406,Lindsey Pest Services,"import:supabase, status:new, niche:pest control company",https://lindseypest.com,direct-audit
,,test3@arcticbreeze.com,+18135551003,,"import:supabase, status:new",,direct-audit
,,test4@comfortzone.com,+18135551004,,"import:supabase, status:new",,direct-audit
,,test1@coolairhvac.com,+18135551001,,"import:supabase, status:new",,direct-audit
ABC,Air Conditioning and Heating Specialist Orlando,e.hearsey@abcairandheat.com,+14077433822,,"import:supabase, status:new",,direct-audit
,,landscapesarasota@gmail.com,,Sarasota Landscaping Inc,"import:supabase, status:new, niche:landscaping company",https://about.me/sarasotalandscaping,direct-audit
Sunset,Heating & Cooling,info@sunsethc.com,+15035005866,,"import:supabase, status:new",,direct-audit
,,contact@straightforwardconstruction.com,+18632896654,Straight Forward Construction,"import:supabase, status:new, niche:roofing contractor",https://straightforwardconstruction.com/?utm_source=google&utm_medium=business_profile&utm_campaign=website,google_places
,,,+12397455020,Southwest Florida Electric Inc,"import:supabase, status:new, niche:electrical contractor",https://swflelectric.com,direct-audit
,,office@plantsourcefl.com,,Plant Source FL,"import:supabase, status:new, niche:landscaping company",https://plantsourcefl.com,direct-audit
,,customerservice@turnerpest.com,,Turner Pest Control,"import:supabase, status:new, niche:pest control company",https://turnerpest.com,direct-audit
Bob's,Heating & Air Conditioning,info@bobsheating.com,+18008403346,,"import:supabase, status:new",,direct-audit
Del-Air,Heating and Air Conditioning,service@delair.com,+18888312665,,"import:supabase, status:new",,direct-audit
Critical,Mass NYC,info@criticalmass.com,,,"import:supabase, status:new",https://criticalmass.com,direct-audit
,,info@qualityroofingsolutions.com,+18506413657,Quality Roofing Solutions,"import:supabase, status:new, niche:roofing contractor",https://qualityroofingsolutions.com,direct-audit
Podean,,hello@podean.com,,,"import:supabase, status:new",https://podean.com,direct-audit
,,totalcounseling7@gmail.com,+18639402526,"TOTAL COUNSELING - Lakeland, FL","import:supabase, status:new, niche:counseling center",https://total-counseling.clientsecure.me/,google_places
,,info@meadowbrookcentre.org,+18637098543,Meadowbrook Psychiatric & Counseling Centre,"import:supabase, status:new, niche:counseling center",https://meadowbrookcentre.org/,google_places
austin,owner,admin@austineliteelectrician.com,,,"import:supabase, status:new",,direct-audit
K.L.,,,+18635007611,K.L. Smith Inc.,"import:supabase, status:new, niche:Roofing Contractor",https://www.klsmithinc.com/,lakeland_finds_directory
Brody,Pennell Heating & Air Conditioning,customercare@brodypennell.com,+13108102721,,"import:supabase, status:new",,direct-audit
vortex,test (spartan alpha),vortex-test@aiservico.com,+15550109999,,"import:supabase, status:new",,direct-audit
,,gary.sawyer14@gmail.com,+18133640812,"Trinity Christian Counseling Services, LLC","import:supabase, status:new, niche:counseling center",http://trinityccs.com/,google_places
,,info@kindmcd.com,+18638771855,Kindelan McDanal & Associates,"import:supabase, status:new, niche:counseling center",http://kindmcd.com/,google_places
,,kevin@ehelectricalcontr.com,+18632130224,"EH Electrical Contracting, LLC","import:supabase, status:new, niche:electrician",https://www.ehelectricalcontracting.com/,google_places
,,baccar@hclcschool.com,+18636824252,"Head of the Class Learning Center- private Prek,K-8","import:supabase, status:outreach_sent, niche:preschool",http://hclcschool.com/,google_places
DoorDash,Enterprise Ads,ads@doordash.com,,,"import:supabase, status:new",https://doordash.com,direct-audit
WPP,/ Grey Group,info@grey.com,,,"import:supabase, status:new",https://grey.com,direct-audit
Block,(Cash App) Ads,ads@block.xyz,,,"import:supabase, status:new",https://block.xyz,direct-audit
,,lakelandroofingsolutions@gmail.com,+14074902459,Lakeland Roofing Solutions,"import:supabase, status:new, niche:roofing contractor",http://www.lakelandroofingsolutions.com/,google_places
,,info@atalacounseling.com,+18634503626,Atala Counseling,"import:supabase, status:new, niche:counseling center",https://atalacounseling.com/,google_places
,,stoa@stoalife.com,+18634506333,Stoa Life Counseling,"import:supabase, status:new, niche:counseling center",https://stoalife.com/,google_places
,,faulklandservices@gmail.com,+18638733431,"Faulk Land Services, LLC","import:supabase, status:new, niche:landscaping company",https://faulklandservices.com/,google_places
,,mike@masterpiececounseling.org,+18634102095,Masterpiece Counseling LLC,"import:supabase, status:new, niche:counseling center",http://masterpiececounseling.org/,google_places
One,Team Heating & Cooling,oneteamhvac@gmail.com,+12566600950,,"import:supabase, status:new",,direct-audit
,,kelley@rfcpas.net,+18637017885,"David R. Ramos, CPA","import:supabase, status:new, niche:accounting firm",http://www.davidramoscpa.com/,google_places
,,ricky@dreamscapesfl.com,+18637979731,Dreamscapes Outdoor Living and Design,"import:supabase, status:new, niche:landscaping company",http://www.dreamscapesfl.com/,google_places
Fresh,Air HVAC,info@freshairhvac.co,+12055528542,,"import:supabase, status:new",,direct-audit
Sun,"Country Heating & Cooling, Inc.",rayburn_r@suncountryheatingandcooling.com,+17026178159,,"import:supabase, status:new",,direct-audit
,,hi@typemade.mx,+18636987278,"Accounting by Zust, LLC","import:supabase, status:new, niche:accounting firm",https://abzllc.com/,google_places
Heartland,Heating & Cooling,heartlandheatingcooling@yahoo.com,+12176702161,,"import:supabase, status:new",,direct-audit
Alamo,Austin Air Conditioning & Heating,service@alamoaustinair.com,+15122650465,,"import:supabase, status:new",,direct-audit
houston,owner,admin@houstonelitelocksmith.com,,,"import:supabase, status:new",,direct-audit
Forest,Air Conditioning & Heating,info@forestairac.com,+17278656004,,"import:supabase, status:new",,direct-audit
Norway,Air Conditioning Inc.,norwayacteam@gmail.com,+19567264419,,"import:supabase, status:new",,direct-audit
Vickrey,Heat & Air,robyn@vickreyheatair.com,+19183415104,,"import:supabase, status:new",,direct-audit
Downtown,Air and Heat,info@downtown-air.com,+14074087105,,"import:supabase, status:new",,direct-audit
Rainaldi,Home Services,info@rainaldiplumbing.com,+14074139795,,"import:supabase, status:new",,direct-audit
,,hello@floralawn.com,+18636680494,Floralawn Inc,"import:supabase, status:new, niche:landscaping company",http://floralawn.com/,google_places
Champion,Home Services,service@championac.com,+12105281604,,"import:supabase, status:new",,direct-audit
austin,owner,admin@austinelitelocksmith.com,,,"import:supabase, status:new",,direct-audit
Farnell,Mechanical Inc.,Info.AUB@CallFarnell.com,+13345242458,,"import:supabase, status:new",,direct-audit
Orlando,HVAC Pros,service@orlandohvacpros.com,+14075550198,,"import:supabase, status:new",,direct-audit
Super,Heat & Air Tampa,info@superheatandair.com,+18133282453,,"import:supabase, status:new",,direct-audit
Protek,"Roofing, Heating, Air & Solar",Info@protekps.com,+18133445466,,"import:supabase, status:new",,direct-audit
Phoenix,Climate Control,service@phoenixclimate.com,+16025550189,,"import:supabase, status:new",,direct-audit
Ferran,Services,maintenance@ferran-services.com,+14074223551,,"import:supabase, status:new",,direct-audit
WestCoast,"Heating & Air, LLC",michaelndiane@msn.com,+12538455174,,"import:supabase, status:new",,direct-audit
Totally,Cool Heating & Air,service@totallycoolac.com,+15124672689,,"import:supabase, status:new",,direct-audit
G,"& W Heating, Air Conditioning, Refrigeration & Plumbing, Inc.",bob@gwhac.com,+12059253950,,"import:supabase, status:new",,direct-audit
Fancher,"Fabrications, Inc.",staff@hacr.alabama.gov,+13348746969,,"import:supabase, status:new",,direct-audit
San,Antonio Air Services,contact@sanantonioair.com,+12105550167,,"import:supabase, status:new",,direct-audit
Anytime,Air Conditioning and Heating,anytimeairabilene@yahoo.com,+13252328220,,"import:supabase, status:new",,direct-audit
Spencer,Heating & Air,service@spencerheatingandair.com,+13348879020,,"import:supabase, status:new",,direct-audit
Temp,Control,tempcontrolinc@frontier.com,+13048555200,,"import:supabase, status:new",,direct-audit
Standard,TV & Appliance,service_request@standardtvandappliance.com,+15037773377,,"import:supabase, status:new",,direct-audit
The,Coolest Service LLC,admin@thecoolestservice.com,+15124686140,,"import:supabase, status:new",,direct-audit
Miami,Comfort Systems,contact@miamicomfort.com,+13055550134,,"import:supabase, status:new",,direct-audit
ABC,Home & Commercial Services,austin@abcpest.com,+15128379500,,"import:supabase, status:new",,direct-audit
Kenny's,"Air Conditioning & Heating Services, Inc.",contactusackennysair@gmail.com,+18138753669,,"import:supabase, status:new",,direct-audit
Ahoy!,Cooling & Heating,bookingteam@callahoy.com,+18135965766,,"import:supabase, status:new",,direct-audit
Intelligent,Air,rgood@cabri-management.com,+118449666888,,"import:supabase, status:new",,direct-audit
Herring,Heating & Air Conditioning,projects@mullinsheatingandair.com,+12056316258,,"import:supabase, status:new",,direct-audit
Precision,Heating And Air,info@precisionheatingandair.com,+14354140510,,"import:supabase, status:new",,direct-audit
Evergreen,State Heat & AC,Admin@essmwa.com,+14252523114,,"import:supabase, status:new",,direct-audit
The,A/C Guy of Tampa Bay,office@acguyoftampa.com,+17272863170,,"import:supabase, status:new",,direct-audit
Air,Tech of Central Florida,information@airtechcfl.com,+13214222727,,"import:supabase, status:new",,direct-audit
Make,It Wright HVAC,matthew@make-it-wright.com,+12064845699,,"import:supabase, status:new",,direct-audit
4,Seasons Air Conditioning & Heating,info@4seasonsair.net,+14072959231,,"import:supabase, status:new",,direct-audit
Nuair,"Airconditioning, Inc.",tworks113@gmail.com,+18633709668,,"import:supabase, status:new",,direct-audit
Pro-Tech,Air Conditioning & Plumbing Orlando,Service@ProTechAC.com,+14075657844,,"import:supabase, status:new",,direct-audit
Ierna's,Heating & Cooling Tampa,info@iernaair.com,+18135787113,,"import:supabase, status:new",,direct-audit
Cardinal,"Heating, Air & Plumbing",repair@cardinalheating.com,+14254063971,,"import:supabase, status:new",,direct-audit
Day,& Nite Plumbing & Heating Inc.,Bruce@dayandnite.net,+14252246452,,"import:supabase, status:new",,direct-audit
Gene's,"Refrigeration, Heating & Air Conditioning, Plumbing & Electrical",info@genesrefrigeration.com,+13307234104,,"import:supabase, status:new",,direct-audit
WS,"Electrical & Air Conditioning, Inc.",jblack@wshvac.com,+12563554792,,"import:supabase, status:new",,direct-audit
Nevada,State Air Conditioning & Heating,info@nvstatehvac.com,+17025392359,,"import:supabase, status:new",,direct-audit
Seatown,"Electric, Plumbing, Heating & Air",info@seatownservices.com,+13605498262,,"import:supabase, status:new",,direct-audit
YES,HEAT & AIR,tgerber@san.rr.com,+16198576504,,"import:supabase, status:new",,direct-audit
B.C.,"BUILDING SERVICES, INC.",info@bcbuildingservicesinc.com,+13036469498,,"import:supabase, status:new",,direct-audit
Honest,Abe Comfort Solutions,info@honestabeservices.com,+16825600315,,"import:supabase, status:new",,direct-audit
Austin,Air Conditioning,Info@austinairconditioning.com,+17372345384,,"import:supabase, status:new",,direct-audit
Cool,"Atmosphere Heating & Air, LLC",Christy@coolatmospherehvac.com,+15122602962,,"import:supabase, status:new",,direct-audit
Fox,Service Company,info@foxservice.com,+15124881120,,"import:supabase, status:new",,direct-audit
Hank's,"Heating & Cooling, LLC",info@hanksheatingcooling.com,+18135386457,,"import:supabase, status:new",,direct-audit
McCullough,Heating & Air Conditioning,info@coolmenow.com,+15125488655,,"import:supabase, status:new",,direct-audit
Gary,Munson Heating and Air Conditioning,info@garymunson.com,+14078591494,,"import:supabase, status:new",,direct-audit
Air,Masters of Tampa Bay,info@airmasters.net,+18132342419,,"import:supabase, status:new",,direct-audit
Del-Air,Tampa,gbeurmann@delair.com,+18138450632,,"import:supabase, status:new",,direct-audit
Direct,Home Solutions Orlando,info@directhome.solutions,+14075472197,,"import:supabase, status:new",,direct-audit
Mechanical,One Orlando,info@mechanicalone.com,+14074044000,,"import:supabase, status:new",,direct-audit
Mills,Air,info@millsair.com,+14072771159,,"import:supabase, status:new",,direct-audit
Scott's,Heating & Air Conditioning,info@scottsair.com,+14075134406,,"import:supabase, status:new",,direct-audit
Gulf,Coast Air Systems,info@gulfcoastairsystems.com,+18136892082,,"import:supabase, status:new",,direct-audit
Home,Comfort Alliance,salescoordinators@homecomfortalliance.com,+14256450404,,"import:supabase, status:new",,direct-audit
Air,Rescue Heating & Cooling Tampa,info@airrescueflorida.com,+18133583431,,"import:supabase, status:new",,direct-audit
Jaime's,Air Conditioning & Heating Tampa,coolspecialist33@gmail.com,+18136010764,,"import:supabase, status:new",,direct-audit
Strand,Brothers Service Experts,strandbrothers@serviceexperts.com,+15125986625,,"import:supabase, status:new",,direct-audit
Residential,Air LLC,perfectclimate75@gmail.com,+12564266882,,"import:supabase, status:new",,direct-audit
Modern,Heating & Cooling,info@modernheatandcool.com,+12565460310,,"import:supabase, status:new",,direct-audit
Southern,Heating & Cooling LLC,sherry@southernheatingllc.com,+12053396867,,"import:supabase, status:new",,direct-audit
,,oneworldroofing@icloud.com,+13212147663,"One World Roofing LLC: Roof Repair, Replacement, Installation, Flat, Metal, Emergency Roofing Contractors Orlando, Florida","import:supabase, status:new, niche:roofing contractor",https://oneworldroofing.com/,google_places
,,office@newstandardroofingorlando.comhours,+14075170649,New Standard Roofing Orlando,"import:supabase, status:new, niche:roofing contractor",https://newstandardroofingorlando.com/,google_places
,,ask@frankgayservices.com,+14074901361,Frank Gay Services,"import:supabase, status:new, niche:HVAC contractor",https://frankgayservices.com/service-area/orlando/?utm_source=google-gbp&utm_medium=organic&utm_campaign=*107*frank-gay-orlando,google_places
,,info@pa-roofing.com,+14072057766,"P&A Roofing and Sheet Metal, Inc.","import:supabase, status:new, niche:roofing contractor",https://pa-roofing.com/?utm_source=google&utm_medium=organic&utm_campaign=Google+Business+Profile&utm_content=Central+Florida,google_places
,,receptionist@goldkeyroofing.com,+14078510680,Gold Key Roofing,"import:supabase, status:new, niche:roofing contractor",https://www.goldkeyroofing.com/,google_places
,,info@callourplace.com,+14072199750,Our Place Air & Home Repair,"import:supabase, status:new, niche:HVAC contractor",https://www.callourplace.com/?utm_source=omg-gbp&utm_medium=webclick,google_places
,,service@harveybakerplumbing.com,+14078593572,"Harvey Baker Plumbing, Inc","import:supabase, status:new, niche:plumbing company",https://www.harveybakerplumbing.com/,google_places
,,,+14075372795,"Mechanical One of Orlando - Air Conditioning, Plumbing and Electrical","import:supabase, status:new, niche:HVAC contractor",https://mechanicalone.com/locations/orlando-fl/?utm_campaign=gmb,google_places
,,blackswancounselingservices@gmail.com,+18632729137,"Black Swan Counseling Services, LLC","import:supabase, status:new, niche:counseling center",https://www.blackswancounseling.com/,google_places
Comfort,Air Tampa,info@comfortairfl.com,+18134131726,,"import:supabase, status:new",,direct-audit
Farnell,Heating & Air Conditioning Inc.,mitzi.bumpers@farnellac.com,+12514712674,,"import:supabase, status:new",,direct-audit
Baldwin,"Heating, Cooling, Plumbing and Electrical",service@baldwinhvac.com,+12512865378,,"import:supabase, status:new",,direct-audit
OneWay,Heating & Air Conditioning,info@onewayhvactexas.com,+14325353821,,"import:supabase, status:new",,direct-audit
Pell,"City Heating & Cooling, Inc.",pchcsusan@hotmail.com,+12053382820,,"import:supabase, status:new",,direct-audit
,,allaboutplumbingorlando@gmail.com,+14073660067,All About Plumbing of Orlando,"import:supabase, status:new, niche:plumbing company",http://www.allaboutplumbingoforlando.com/,google_places
,,service@local-ac.com,+14075655752,Local AC,"import:supabase, status:new, niche:HVAC contractor",https://local-ac.com/orlando/,google_places
,,admin@theorlandoroofingco.com,+14072759444,Orlando Roofing Company,"import:supabase, status:new, niche:roofing contractor",https://theorlandoroofingco.com/?utm_source=google&utm_medium=organic&utm_campaign=gbp_website,google_places
,,info@goldencomfortairhvac.com,+14073580391,Golden Comfort AC & Heating Repair,"import:supabase, status:new, niche:HVAC contractor",https://goldencomfortairhvac.com/ac-repair-orlando-fl,google_places
,,info@eustisroofing.com,+14079720326,Eustis Roofing Company,"import:supabase, status:new, niche:roofing contractor",https://eustisroofing.com/?utm_campaign=GBPEustis,google_places
,,info@cflroof.com,+14079177663,CFL Roofing,"import:supabase, status:new, niche:roofing contractor",https://cflroof.com/,google_places
,,service@clearcomfortair.com,+14074080776,Clear Comfort,"import:supabase, status:new, niche:HVAC contractor",https://www.clearcomfortair.com/,google_places
,,info@schickroofing.com,+14077490808,Schick Roofing,"import:supabase, status:new, niche:roofing contractor",http://www.schickroofing.com/,google_places
Radiant,"Plumbing, Air Conditioning, & Electrical",hello-austin@radiantplumbing.com,+15122656994,,"import:supabase, status:new",,direct-audit
AAA,Calvert Electrical,info@aaacalvert.com,+15624291546,,"import:supabase, status:new",,direct-audit
Premier,Service Company,callcenter@pcs1201.com,+16592009744,,"import:supabase, status:new",,direct-audit
Hagler,Heating & Cooling,office@haglerac.com,+13348358027,,"import:supabase, status:new",,direct-audit
Fairway,Heating & Cooling LLC,office@fairwayhnc.com,+18135925456,,"import:supabase, status:new",,direct-audit
Sweat,Cool Air Conditioning and Heating,Ward@sweatcool.com,+12512108792,,"import:supabase, status:new",,direct-audit
All,Seasons Heating & Cooling,sjn9598@gmail.com,+12564068068,,"import:supabase, status:new",,direct-audit
David,Boston Heating & Cooling,davidboston388@hotmail.com,+12567295665,,"import:supabase, status:new",,direct-audit
Scott,Electric,sarah@scott-electric.com,+13618846326,,"import:supabase, status:new",,direct-audit
Kool,Katz Air Conditioning & Heating,koolkatzac2020@gmail.com,+14323377223,,"import:supabase, status:new",,direct-audit
,,guest_user_177131715560@yardbook.com,+18632795060,Smith LawnScapes LLC,"import:supabase, status:new, niche:landscaping company",http://www.ydbk.co/110565,google_places
,,reception@skylightroofing.com,+18885200363,Sky Light Roofing Inc.,"import:supabase, status:new, niche:roofing contractor",https://skylightroofing.com/?utm_source=google&utm_medium=organic&utm_campaign=gbp_profile&utm_content=orlando_location,google_places
,,office@thomasroofs.com,+14074080577,Thomas Roofing & Repair,"import:supabase, status:new, niche:roofing contractor",https://thomasroofingandrepair.com/,google_places
,,help@hhroofs.com,+14072034825,His and Hers Construction,"import:supabase, status:new, niche:roofing contractor",http://www.hhroofs.com/,google_places
,,localseogs@gmail.com,+14078639245,AIR CONDITIONING CONTRACTORS,"import:supabase, status:new, niche:HVAC contractor",https://airconditioning-orlando.com/,google_places
,,office@orlandorooftech.com,+14078097663,Orlando Roof Tech,"import:supabase, status:new, niche:roofing contractor",http://www.orlandorooftech.com/,google_places
,,example@domain.com,+14074998333,ServiceOne Air Conditioning & Plumbing,"import:supabase, status:new, niche:HVAC contractor",https://www.serviceoneac.com/,google_places
,,dispatch@choiceservicesfl.com,+14074227443,Choice Plumbing Orlando,"import:supabase, status:new, niche:plumbing company",https://choiceplumbingorlando.com/?utm_campaign=gmb&utm_medium=organic&utm_source=google_my_business,google_places
,,your@email.com,+14072736260,Herrell Plumbing,"import:supabase, status:new, niche:plumbing company",https://www.herrellplumbing.com/,google_places
Washington,Energy Services,info@washingtonenergy.com,+18003984663,,"import:supabase, status:new",,direct-audit
Bryant's,"Heating & Cooling, Inc.",info@bryantsheating.com,+12568407142,,"import:supabase, status:new",,direct-audit
Houston,HVAC Masters,info@houstonhvacmasters.com,+17135550188,,"import:supabase, status:new",,direct-audit
Head's,Heating & Air Conditioning,office@headshvac.com,+12512065996,,"import:supabase, status:new",,direct-audit
Cote's,Mechanical,notfound@example.com,+19404584980,,"import:supabase, status:new",,direct-audit
,,cody@ringtaxes.com,+18633708115,Ring Tax Accounting & Advisory,"import:supabase, status:new, niche:accounting firm",https://www.ringtaxes.com/,google_places
,,michele.nelson@mnelsoncpa.com,+18636444406,Michele a Bourcy Nelson CPA PA,"import:supabase, status:new, niche:accounting firm",http://www.mnelsoncpa.com/,google_places
,,service@avecoinc.net,+18632255912,"Aveco Electrical, Inc.","import:supabase, status:new, niche:electrician",http://www.avecoinc.com/,google_places
,,admin@lkldelectrical.com,+18638592515,LOOK Electric Co.,"import:supabase, status:new, niche:electrician",https://www.lookelectricco.com/,google_places
,,leafelectricinfo@gmail.com,+18633770217,Leaf Electric,"import:supabase, status:new, niche:electrician",https://leafelectricfl.com/,google_places
,,vk8517824@gmail.com,+18638801355,Creative Edge Outdoor Solutions,"import:supabase, status:new, niche:landscaping company",https://lawncarelakelandtampaflorida.com/,google_places
,,gilileolandscapingservice@gmail.com,+18632541147,Gilileo's Landscaping Service,"import:supabase, status:new, niche:landscaping company",http://www.gilileoslandscapingservice.com/,google_places
,,lakelandfl@woofgangbakery.com,+18634502365,Woof Gang Bakery & Grooming Lakeland,"import:supabase, status:new, niche:pet grooming",https://www.woofgangbakery.com/pages/locations/lakeland?utm_source=google&utm_medium=gmb,google_places
,,abcpa20@abcpa.tax,+18636140308,Allison Brown CPA,"import:supabase, status:new, niche:accounting firm",http://abcpa.tax/,google_places
,,bythebaydoggrooming@gmail.com,+18632210037,By the Bay Dog Grooming,"import:supabase, status:new, niche:pet grooming",https://bythebaydoggrooming.com/,google_places
Sound,Heating & Air Conditioning Inc.,maintenance@soundheating.com,+12538753350,,"import:supabase, status:new",,direct-audit
,,atlineelectric@yahoo.com,+18639341337,Atline Electric Services,"import:supabase, status:new, niche:electrician",http://atlineelectric.com/#GMB,google_places
,,admin@parrishcpas.com,+18637098337,"Parrish & Parrish CPAs, P.A.","import:supabase, status:new, niche:accounting firm",http://www.parrishcpas.com/,google_places
,,sebastian@aldusleaf.org,+18633980495,Lewman Electric,"import:supabase, status:new, niche:electrician",http://www.lewmanelectric.com/?utm_source=gbp&utm_medium=organic&utm_campaign=GoogleBusinessProfile,google_places
Priority,,coloradosprings@priorityroofs.com,+18637014746,Priority Roofing,"import:supabase, status:new, niche:Roofing Contractor",https://priorityroofs.com/location/lakeland/,lakeland_finds_directory
,,info@dreamerslandscaping.com,+18637993494,Dreamers Landscape and Lawn Care Service LLC,"import:supabase, status:new, niche:landscaping company",https://dreamerslandscaping.com/,google_places
,,contact@sansoxygen.com,+18638453641,"RJ CPA, LLC","import:supabase, status:new, niche:accounting firm",https://rjcpallc.com/,google_places
,,info@bigfinpoolservice.com,+18633482061,Big Fin Pool Service,"import:supabase, status:new, niche:pool service company",http://bigfinpoolservice.com/,google_places
,,info@lakelandpros.com,+18637016000,Bulldog Lawn Care,"import:supabase, status:new, niche:landscaping company",https://www.lakelandpros.com/,google_places
Goff,,info@goffroofsystems.com,+18636801748,Goff Roof Systems,"import:supabase, status:new, niche:Roofing Contractor",https://goffroofsystems.com/,lakeland_finds_directory
,,flpestworx@gmail.com,+18637381270,Florida Pestworx,"import:supabase, status:new, niche:pest control company",http://www.flpestworx.com/,google_places
Airco,Mechanical,homeservice@aircoaustin.com,+15125371234,,"import:supabase, status:new",,direct-audit
,,service@bearelectricllc.com,+18633292327,Bear Electric,"import:supabase, status:new, niche:electrician",http://www.bearelectricllc.com/,google_places
,,johndoe@email.com,+18632827984,Payne Air Conditioning & Heating,"import:supabase, status:outreach_sent, niche:HVAC contractor",https://payneair.com/?utm_source=google&utm_medium=organic&utm_campaign=gbp,google_places
,,info@happypawsspa.com,+18636444223,Happy Paws Pet Spa,"import:supabase, status:new, niche:pet grooming",https://www.happypawsspa.com/,google_places
Perfect,Service Heating & Air,landona@perfectservicehvac.com,+12052066091,,"import:supabase, status:new",,direct-audit
,,service@docelectricalservices.com,+18636163003,DOC Electric,"import:supabase, status:new, niche:electrician",https://www.docelectricalservices.com/,google_places
,,pricebustersair@gmail.com,+18634503127,"Price Busters Heating & Air Conditioning, LLC","import:supabase, status:outreach_sent, niche:HVAC contractor",https://www.pricebustersair.com/,google_places
,,office@skytaxaccounting.com,,Sky Tax & Accounting,"import:supabase, status:new, niche:accounting firm",https://www.skytaxaccounting.com/,google_places
,,glamskinmedispa@gmail.com,+18636041324,Glam Skin Medi Spa,"import:supabase, status:new, niche:medical spa",http://glamskinmedispa.square.site/,google_places
,,superiorlawncare2014@gmail.com,+18633540625,Superior Lawn Care of Lakeland,"import:supabase, status:new, niche:landscaping company",https://superiorlawncarelakeland.com/,google_places
Ideal,Air Services,info@idealairservices.com,+18326624589,,"import:supabase, status:new",,direct-audit
A1,HVAC LLC,A1hvac334@gmail.com,+19316758782,,"import:supabase, status:new",,direct-audit
,,rob@westlake-cpa.com,+18632508701,"Robert W. Westlake, CPA","import:supabase, status:new, niche:accounting firm",https://westlake-cpa.com/,google_places
Action,Air Conditioning Tampa,info@actionairconditioning.com,+18139356644,,"import:supabase, status:new",,direct-audit
,,targetpressure@aol.com,+18636408349,"Target Pressure Cleaning, Inc.","import:supabase, status:new, niche:pressure washing service",http://targetpressurecleaning.com/,google_places
,,larissa@brianpestcontrol.com,+18633700545,"Brian Pest Control, Inc.","import:supabase, status:new, niche:pest control company",http://www.brianpestcontrol.com/,google_places
,,info@deitrickcpa.com,+18636472308,"Kellie M. Deitrick, P.A. CPA","import:supabase, status:new, niche:accounting firm",http://www.deitrickcpa.com/,google_places
Advanced,,,+18636485787,Advanced Aluminum of Polk County,"import:supabase, status:new, niche:Metal Roofing",https://www.advaluminum.com/?utm_source=google&utm_medium=local,lakeland_finds_directory
,,wecare@masseyservices.com,+18636688737,Massey Services Pest Control,"import:supabase, status:new, niche:pest control company",https://www.masseyservices.com/lakeland/pest-control/?utm_source=googlemybusiness&utm_medium=search&utm_content=Lakeland19&utm_campaign=masseylocalsearch,google_places
,,admin@teamenoch.com,+18633158000,Team Enoch: AC Repair,"import:supabase, status:new, niche:HVAC contractor",https://www.teamenoch.com/,google_places
,,webmaster@claconnect.com,+18636805600,CLA (CliftonLarsonAllen),"import:supabase, status:new, niche:accounting firm",https://www.claconnect.com/locations/florida/offices/cla-lakeland,google_places
Cheap,,sales@discountmetalmart.com,+18137527088,Cheap Metal Roofing,"import:supabase, status:new, niche:Metal Roofing",https://discountmetalmart.com/,lakeland_finds_directory
,,kristispoolservice@yahoo.com,+18638151464,Kristi's Pool Service,"import:supabase, status:new, niche:pool service company",http://kristispoolservice.com/?utm_source=gbp&utm_medium=organic&utm_campaign=GoogleBusinessProfile,google_places
Top,,,+18633130005,Top Flight Electric,"import:supabase, status:new, niche:Electrician",https://topflightelectric.com/,lakeland_finds_directory
,,bookings@bigdogsbathhouse.com,+18633621029,Big Dogs Bathhouse,"import:supabase, status:new, niche:pet grooming",https://bigdogsbathhouse.com/,google_places
,,washforce@washforce.us,+18632251919,Wash Force,"import:supabase, status:new, niche:pressure washing service",http://www.washforce.us/,google_places
,,procareautorepairllc@gmail.com,+18636836598,Pro Care Auto Repair,"import:supabase, status:new, niche:auto repair shop",http://www.procareautorepairllc.com/,google_places
,,citygaragefl@gmail.com,+18636833000,City Garage,"import:supabase, status:new, niche:auto repair shop",http://www.citygaragefl.com/,google_places
,,themonarchmedspa@gmail.com,+18632253468,The Monarch MedSpa LLC,"import:supabase, status:new, niche:medical spa",http://www.themonarchmedspa.com/,google_places
Jaguar,Heating & Air,m.abdul@jaguarheatingandair.com,+19162564447,,"import:supabase, status:new",,direct-audit
,,courtkingpowerwash@hotmail.com,+15617203665,court king power wash,"import:supabase, status:new, niche:pressure washing service",http://www.courtkingpowerwash.com/,google_places
R,,5d1795a2db124a268f1e1bd88f503500@sentry.wixpress.com,+18636820798,R F Lusa & Sons Sheet Metal,"import:supabase, status:new, niche:Metal Roofing",http://rflusa.com/,lakeland_finds_directory
,,kevin@superiorspray.com,+18636820700,"Superior Spray Service, Inc.","import:supabase, status:new, niche:pest control company",https://www.superiorspray.com/,google_places
,,info@beautybeyondaesthetics.com,+18632712211,Beauty Beyond Aesthetics | Lakeland Med Spa,"import:supabase, status:new, niche:medical spa",http://beautybeyondaesthetics.com/,google_places
,,contact@richardspoolservicefl.com,+18636489657,Richard's Pool Service,"import:supabase, status:new, niche:pool service company",https://www.richardspoolservicefl.com/,google_places
,,deepdivepoolservice@gmail.com,+18632162508,Deep Dive Pool Services,"import:supabase, status:new, niche:pool service company",http://www.deepdivepoolservices.com/,google_places
,,burtonpressurewashing@yahoo.com,+18635592359,Burton Pressure Washing LLC & Property Management Services,"import:supabase, status:new, niche:pressure washing service",https://softwashoflakeland.com/,google_places
,,topdown-@2x.webp,+18639048956,Top Down Exterior Cleaning,"import:supabase, status:new, niche:pressure washing service",https://topdowncleaning.com/,google_places
,,richard@joyceauto.net,+18633432537,Joyce Automotive and Towing,"import:supabase, status:new, niche:auto repair shop",http://joyceautomotive.com/,google_places
,,hamletautopros@gmail.com,+18636652529,Hamlet Automotive in Lakeland FL,"import:supabase, status:new, niche:auto repair shop",http://www.hamletautomotive.com/,google_places
,,contact@americanairrepairllc.com,+18138022183,American Air Repair,"import:supabase, status:new, niche:HVAC contractor",https://americanairrepairllc.com/?utm_source=omg-gbp&utm_medium=webclick,google_places
Colair,Cooling & Heating,sales@colairinc.com,+19562307464,,"import:supabase, status:new",,direct-audit
George,Cunningham Air Conditioning & Heating Services,jms@gcincac.com,+19564238437,,"import:supabase, status:new",,direct-audit
Greenwood,Heating and Home Services,info@greenwoodheating.com,+12062074734,,"import:supabase, status:new",,direct-audit
Jacksonville,Cooling Co,service@jaxcooling.com,+19045550141,,"import:supabase, status:new",,direct-audit
Atlanta,Air Experts,info@atlantaairexperts.com,+14045550156,,"import:supabase, status:new",,direct-audit
Charlotte,Climate Care,quotes@charlotteclimate.com,+17045550173,,"import:supabase, status:new",,direct-audit
Comfort,Air Solutions,info@comfortairsolutions.com,+18135550147,,"import:supabase, status:new",,direct-audit
We,Do HVAC,info@wedohvacus.com,+18584329992,,"import:supabase, status:new",,direct-audit
TOBIN,HVAC,info@tobinhvac.com,+13038935675,,"import:supabase, status:new",,direct-audit
Extreme,AC And Heating,extremeacandheating@gmail.com,+17606153169,,"import:supabase, status:new",,direct-audit
Local,Roots AC and Plumbing LLC,service@calllocalroots.com,+16025608989,,"import:supabase, status:new",,direct-audit
Silver,"State Refrigeration, HVAC & Plumbing",help@ssrfg.com,+17026236936,,"import:supabase, status:new",,direct-audit
Stanley,HVAC,stanleyhvac.co@gmail.com,+14803993706,,"import:supabase, status:new",,direct-audit
Bob,Heinmiller AC Orlando,service@bobheinmiller.com,+14073740779,,"import:supabase, status:new",,direct-audit
ACR,Air Conditioning & Refrigeration,info@callacr.com,+14074498679,,"import:supabase, status:new",,direct-audit
Bleuwave,Commercial HVAC,info@bleuwavecommercialhvac.com,+14808635855,,"import:supabase, status:new",,direct-audit
Jacobs,Heating & Air Conditioning,info@jacobsheating.com,+1503.234.7331,,"import:supabase, status:new",,direct-audit
Abacus,"Plumbing, Air Conditioning & Electrical",customerservice@abacusplumbing.net,+15129437070,,"import:supabase, status:new",,direct-audit
Efficient,"AC, Electric & Plumbing",hello@efficienttexas.com,+15125012275,,"import:supabase, status:new",,direct-audit
Belle,Air HVAC Orlando,belleairoffice@belleairac.com,+14074107296,,"import:supabase, status:new",,direct-audit
miami,owner,admin@miamielitehvac.com,,,"import:supabase, status:new",,direct-audit
,,smithsreapirservices@gmail.com,+18138608461,Smith’s Repairs and Services LLC,"import:supabase, status:new, niche:plumbing company",https://www.smithsrepairsandservices.com/,google_places
,,info@viva-vitality.com,+18634504060,Viva Vitality,"import:supabase, status:new, niche:medical spa",https://viva-vitality.com/?utm_source=gbp&utm_medium=organic&utm_campaign=gbp-listing,google_places
YPS,Facility Services LP,joe@yps.com,+15123033705,,"import:supabase, status:new",,direct-audit
Dr.,"Air & Heat Services, LLC",dreyna1973@gmail.com,+12147498048,,"import:supabase, status:new",,direct-audit
Donald,P. Dick Air Conditioning,service@mrcool4ac.com,+15592551644,,"import:supabase, status:new",,direct-audit
Holliday,Heating + Cooling + Electric,info@hollidayheating.com,+15098385717,,"import:supabase, status:new",,direct-audit
Inland,"Mechanical Services, Inc.",ltrujillo@inlandmechanicalservices.com,+19514123046,,"import:supabase, status:new",,direct-audit
Salem,Heating & Sheet Metal,bgladow@salemheatingandsheetmetal.com,+15035811536,,"import:supabase, status:new",,direct-audit
California,"Air Conditioning Systems, Inc.",info@californiaac.com,+13105300504,,"import:supabase, status:new",,direct-audit
Airmaxx,,support@airmaxx.com,+16193305339,,"import:supabase, status:new",,direct-audit
Fischer,Heating & Air Conditioning,info@fischerheating.com,+12062029499,,"import:supabase, status:new",,direct-audit
Baker,Home Energy,info@bakerhomeenergy.com,+1877.578.8080,,"import:supabase, status:new",,direct-audit
Black,"Lion Heating, Air Conditioning & Electrical",info@blacklionhvac.com,+14258143944,,"import:supabase, status:new",,direct-audit
Glendale,Heating & Air Conditioning,hello@glendaleheating.com,+12062437700,,"import:supabase, status:new",,direct-audit
Cornerstone,Pros,service@cornerstonepros.com,+18139212610,,"import:supabase, status:new",,direct-audit
Way,Cool Plumbing and Air,kyle@callwaycool.com,+16232506492,,"import:supabase, status:new",,direct-audit
Shields,A/C,shields.ac.az@gmail.com,+16026200047,,"import:supabase, status:new",,direct-audit
Action,"Air Conditioning, Heating & Solar",yvonne.lanot@actionac.net,+17607274152,,"import:supabase, status:new",,direct-audit
BelRed,"Heating, Cooling, Plumbing & Electrical",info@belred.com,+18553456161,,"import:supabase, status:new",,direct-audit
Blue,Flame Heating & Air,kevin@blueflamecomfort.com,+12063885667,,"import:supabase, status:new",,direct-audit
We,Care Air,info@wecareairlasvegas.com,+17022722348,,"import:supabase, status:new",,direct-audit
Guin,Service,info@guinservice.com,+12055954846,,"import:supabase, status:new",,direct-audit
United,Heating & Air,Anthony.snead@unitedheating.net,+13342620247,,"import:supabase, status:new",,direct-audit
JC,Hamm and Sons,tim@jchamm.tech,+12567647386,,"import:supabase, status:new",,direct-audit
CM,Heating,info@cmheating.com,+14252857694,,"import:supabase, status:new",,direct-audit
Ewing,Air Conditioning & Heating,ewingairandheat@gmail.com,+19726932343,,"import:supabase, status:new",,direct-audit
Ideal,"Plumbing, Heating, Air & Electrical",ideal@idealservice.com,+16195837963,,"import:supabase, status:new",,direct-audit
Fuse,HVAC,support@fuseservice.com,+16694441101,,"import:supabase, status:new",,direct-audit
Pacific,Heating & Cooling,customerservice@pacificheatingcooling.com,+12532860512,,"import:supabase, status:new",,direct-audit
Arizona,TradeMasters,service@aztrademasters.com,+16023241840,,"import:supabase, status:new",,direct-audit
Frank,Gay Services,info@frankgayservices.com,+14075128102,,"import:supabase, status:new",,direct-audit
Olson,Energy Service,jeff.amelio@olsonenergy.com,+12067825522,,"import:supabase, status:new",,direct-audit
DALCO,Heating & Air Conditioning,info@dalcohvac.com,+13039797541,,"import:supabase, status:new",,direct-audit
Sierra,Air Conditioning And Plumbing,service@sierracoolslv.com,+17023441082,,"import:supabase, status:new",,direct-audit
Greens,Energy Services Orlando,info@greensenergy.com,+14072825000,,"import:supabase, status:new",,direct-audit
Vegas,Strong Heating & Cooling LLC,bumblebreeze.ccr@anyhour.com,+17026749775,,"import:supabase, status:new",,direct-audit
Samm's,Heating & Air Conditioning,service@sammsheatingandair.com,+19726454833,,"import:supabase, status:new",,direct-audit
Sky,"Heating, AC, Plumbing & Electrical",csrleads@skyheating.com,+15035632698,,"import:supabase, status:new",,direct-audit
Coppell,"Heating and Air Conditioning, Inc.",service@coppellac.com,+19724621882,,"import:supabase, status:new",,direct-audit
Hyland,Services,support@hylandservices.com,+17207092000,,"import:supabase, status:new",,direct-audit
Bull,Mountain Heating & Cooling,info@BullMountainHeating.com,+15036126677,,"import:supabase, status:new",,direct-audit
AAA,"Heating and Cooling, Inc.",Sales@AAAIAQ.com,+15032842173,,"import:supabase, status:new",,direct-audit
Pyramid,Heating & Cooling,gphillis@pyramidheating.com,+15034162201,,"import:supabase, status:new",,direct-audit
Cytech,Heating & Cooling L C,info@cytechheatingandcooling.com,+19568045921,,"import:supabase, status:new",,direct-audit
Freedom,Heating & Cooling,administrator@freedom.repair,+18472881788,,"import:supabase, status:new",,direct-audit
Texas,Ace HVAC,ta-service@lsmech.com,+1469.846.0686,,"import:supabase, status:new",,direct-audit
Lone,Star Heating and Air,support@lonestarhatxk.com,+19037485190,,"import:supabase, status:new",,direct-audit
Annette,Hale's Indoor Comfort Systems,info@indoorcomforthsv.com,+12568850430,,"import:supabase, status:new",,direct-audit
Mansfield,"Plumbing, Electrical, Heating & Air",info@mansfieldtxplumbing.com,+18174761341,,"import:supabase, status:new",,direct-audit
Team,Enoch HVAC Austin,mail@teamenoch.com,+18178888880,,"import:supabase, status:new",,direct-audit
,,info@mauricesauto.com,+18636464479,Maurice's Auto Repair and Towing,"import:supabase, status:new, niche:auto repair shop",http://mauricesauto.com/,google_places
,,info@agelesslakeland.com,+18632255400,Ageless Aesthetics & Wellness,"import:supabase, status:new, niche:medical spa",http://www.agelesslakeland.com/,google_places
,,ajaxautoplace@gmail.com,+18639409004,"Ajax Auto Place.com, LLC","import:supabase, status:new, niche:auto repair shop",https://ajaxautoplace.com/,google_places
,,admin@autosaucerepair.com,+18632476345,Autosauce Auto Repair - Auto Repair Shop,"import:supabase, status:new, niche:auto repair shop",https://www.autosaucerepair.com/,google_places
,,info@lakelandaesthetics.com,+18632252859,Lakeland Aesthetics & Wellness,"import:supabase, status:new, niche:medical spa",http://www.lakelandaesthetics.com/,google_places
,,johnnybebee@bettercuttreeservice.com,+18638086441,A Better Cut Tree Service And More,"import:supabase, status:outreach_sent, niche:tree removal service",https://bettercuttreeservice.com/,google_places
Lakeland,,,+18633560154,Lakeland Electrician Guys,"import:supabase, status:new, niche:Electrician",https://www.lakelandelectricianpros.com/,lakeland_finds_directory
,,maggiemobley@eyecare-partners.com,+18636886197,Clarkson Eyecare,"import:supabase, status:new, niche:optometrist",https://www.clarksoneyecare.com/locations/fl/lakeland/lakeland?utm_source=gmb&utm_medium=yext,google_places
LOOK,,c183baa23371454f99f417f6616b724d@sentry.wixpress.com,+18638592515,LOOK Electric Co.,"import:supabase, status:new, niche:Electrician",https://www.lookelectricco.com/,lakeland_finds_directory
,,onealsroofing@gmail.com,+18635570288,"O'Neal's Roofing Co. of Lakeland, Inc.","import:supabase, status:new, niche:roofing contractor",http://www.onealsroofing.com/,google_places
,,kristie@eilandpressurewashing.com,+18639404931,"Eiland Pressure Washing, LLC","import:supabase, status:new, niche:pressure washing service",http://eilandpressurewashing.com/,google_places
Fore,,info@fore-electric.com,+18639379149,Fore Electric & Energy LLC,"import:supabase, status:new, niche:Electrician",http://www.fore-electric.com/,lakeland_finds_directory
,,support@dermafixspalk.com,+18632504058,Dermafix Spa (Lakeland),"import:supabase, status:new, niche:medical spa",https://dermafixspalk.com/,google_places
Anti-Pesto,,,+18633930300,Anti-Pesto Bug Killers Inc,"import:supabase, status:new, niche:Pest Control",https://www.antipesto.com/lakeland-fl-pest-control,lakeland_finds_directory
,,john@gmail.com,+18635918826,Lakeland Roofing Guys,"import:supabase, status:new, niche:roofing contractor",http://www.roofing-lakeland.com/,google_places
,,fourpawsonly1@gmail.com,+18636673113,Four Paws Only,"import:supabase, status:new, niche:pet grooming",https://www.fourpawsonlyfl.com/,google_places
Terminix,,,+13217326763,Terminix,"import:supabase, status:new, niche:Pest Control",https://www.terminix.com/exterminators/fl/lakeland-25915/?utm_source=gmb-listing&utm_medium=organic&utm_campaign=satellite_25915&utm_term=lakeland,lakeland_finds_directory
,,hello@eyesonlakeland.com,+18632505553,Eyes on Lakeland,"import:supabase, status:new, niche:optometrist",http://eyesonlakeland.com/,google_places
Peninsular,,,+18636654722,Peninsular Exterminating,"import:supabase, status:new, niche:Pest Control",http://peninsularexterminating.com/,lakeland_finds_directory
iCi,,,+18632190998,iCi Termite & Pest Control Inc.,"import:supabase, status:new, niche:Termite Control",https://www.icitermiteandpestcontrol.com/,lakeland_finds_directory
EBP,,,+14075927572,EBP Landscaping,"import:supabase, status:new, niche:Landscaping",https://ebplandscaping.com/,lakeland_finds_directory
,,mirtilelectricllc@gmail.com,+18636148911,Mirtil Electric LLC,"import:supabase, status:new, niche:electrician",https://mirtilelectric.com/,google_places
,,schastain@performanceelectric.org,+18636666400,Performance Electric,"import:supabase, status:new, niche:electrician",http://www.performanceelectric.org/,google_places
,,stoneandmulch23@gmail.com,+18636475091,Stone & Mulch 4 All Seasons,"import:supabase, status:outreach_sent, niche:landscaping company",http://stonemulch4allseasons.com/,google_places
,,office@priorityroofs.com,+18637014746,Priority Roofing,"import:supabase, status:new, niche:roofing contractor",https://priorityroofs.com/location/lakeland/,google_places
,,gibbonsautoservices@gmail.com,+18639008363,Gibbons Auto Service,"import:supabase, status:new, niche:auto repair shop",http://gibbonsautoservice.com/,google_places
,,info@balancedhealthandwellnessfl.com,+18632251244,Balanced Health and Wellness,"import:supabase, status:new, niche:medical spa",https://www.balancedhealthandwellnessfl.com/,google_places
,,help.us@booksy.com,+18635213508,High Class Barber Salon,"import:supabase, status:new, niche:barber shop",https://booksy.com/en-us/684027_high-class-barber-salon_barber-shop_16013_lakeland,google_places
,,joseyjoselandscapingllc@gmail.com,+13213359221,Jose & Jose Landscaping LLC,"import:supabase, status:new, niche:landscaping company",https://joseandjoselandscapingllc.com/,google_places
,,permitting@copelandscomplete.net,+18632130543,Copeland's Complete Construction LLC,"import:supabase, status:new, niche:roofing contractor",https://www.copelandscompleteconstruction.com/,google_places
,,sharpcuttreeservice@gmail.com,+18636668392,Sharp Cut Tree Service,"import:supabase, status:outreach_sent, niche:tree removal service",https://www.sharpcuttree.com/,google_places
,,refined@venetianmedspa.com,+18634300582,Venetian Medical Spa and Aesthetic Surgery,"import:supabase, status:new, niche:medical spa",https://venetianmedspa.com/,google_places
Market,,,+18633374425,Market on Kentucky,"import:supabase, status:new, niche:Bakery",https://marketonkentucky.com/,lakeland_finds_directory
,,wingchunflorida@gmail.com,+18638000171,Sifu Och Wing Chun Kung Fu,"import:supabase, status:new, niche:martial arts school",http://www.sifuochwingchun.com/,google_places
,,support@aquaticsconnect.com,+18636442420,Lakeland Pool Services,"import:supabase, status:new, niche:pool service company",https://www.aquaticsconnect.com/lakeland/services-vendors/lakeland-pool-services,google_places
,,sales@goldsmithpools.com,+18636004605,Goldsmith Pools,"import:supabase, status:new, niche:pool service company",https://goldsmithpools.com/,google_places
,,psi@psilakeland.net,+18638087109,"PSI Pressure Cleaning Service, LLC","import:supabase, status:new, niche:pressure washing service",http://www.psilakeland.net/,google_places
Dreamers,,%20info@dreamerslandscaping.com,+18637993494,Dreamers Landscape and Lawn Care Service LLC,"import:supabase, status:new, niche:Landscaping",https://dreamerslandscaping.com/,lakeland_finds_directory
LawnStarter,,df4155448ac91fe6a1a0b7f215114fd1@o113786.ingest.us.sentry.io,+18636952349,LawnStarter - Lakeland,"import:supabase, status:new, niche:Lawn Care",https://www.lawnstarter.com/lakeland-fl-lawn-care,lakeland_finds_directory
,,ericktorresquinones@gmail.comq,+17276235082,Evolution barbershop,"import:supabase, status:new, niche:barber shop",http://evolution-barbershop.square.site/,google_places
Spot,,,+13522328259,Spot On Lawn Care,"import:supabase, status:new, niche:Lawn Care",https://www.facebook.com/spotonlawncare863,lakeland_finds_directory
dan,coffman,nearmi193@gmail.com,,,"import:supabase, status:new",,direct-audit
Lyons,,,+18632675032,Lyons Family Tree Care,"import:supabase, status:new, niche:Tree Trimming",http://www.lyonsfamilytreecare.com/,lakeland_finds_directory
Chop,,contact@treeserviceinlakelandfl.com,+18632261663,Chop Chop Tree,"import:supabase, status:new, niche:Tree Trimming",https://www.treeserviceinlakelandfl.com/,lakeland_finds_directory
,,youremail@gmail.com,+18634571954,Highland Dental Clinic,"import:supabase, status:new, niche:dental clinic",http://dentistrylakeland.com/,google_places
Stanley,,,+18637099400,Stanley Steemer,"import:supabase, status:new, niche:Carpet Cleaning",https://www.stanleysteemer.com/locations/FL/Lakeland/2000049,lakeland_finds_directory
,,mastersell@sellteamacademy.com,+18638152467,Sell Team Academy of Taekwondo,"import:supabase, status:new, niche:martial arts school",http://www.sellteamacademy.com/,google_places
,,clientcare@lacvets.com,+18636883338,Lakeland Animal Clinic,"import:supabase, status:new, niche:veterinary clinic",https://lacvets.com/?utm_source=google&utm_medium=organic&utm_campaign=gmb&utm_term=website,google_places
,,support@bellaglambeauty.com,+18632721990,Bella Glam Beauty,"import:supabase, status:new, niche:hair salon",https://www.bellaglambeauty.com/,google_places
Gargus,,,+18632720751,"Gargus Lawn Care,LLC","import:supabase, status:new, niche:Lawn Mowing",,lakeland_finds_directory
,,bellelaviesalonandspa1@gmail.com,+18636175408,Belle La Vie Salon & Spa,"import:supabase, status:new, niche:hair salon",https://www.bellelaviesalonandspa.com/,google_places
,,budswiser11@aol.com,+18636877335,Car Tech,"import:supabase, status:new, niche:auto repair shop",https://cartechlakeland.com/,google_places
,,qualitydentalcareoflakeland@gmail.com,+18638583891,Quality Dental Care of Lakeland,"import:supabase, status:new, niche:dental clinic",https://www.qualitydentalcarefl.com/?utm_source=local&utm_medium=organic&utm_campaign=google,google_places
,,championsmmalakeland@gmail.com,+18634401785,Champions Mixed Martial Arts,"import:supabase, status:new, niche:martial arts school",http://www.championsmma.tv,google_places
,,%20hamiltonsbjj863@yahoo.com,+18637016633,Hamiltons Brazilian Jiu-Jitsu,"import:supabase, status:new, niche:martial arts school",https://hamiltonsbjj.com/,google_places
,,tpfchief@hotmail.com,+18639659500,TPF TEAM Praise Force Tae Kwon Do & More,"import:supabase, status:new, niche:martial arts school",http://tpftkd.com/,google_places
High,,,+18636986061,High View Tree Service Inc,"import:supabase, status:new, niche:Tree Trimming",https://treeserviceslakeland.com/,lakeland_finds_directory
,,info@waterlakefamilydentistry.com,+18636065721,Waterlake Family Dentistry,"import:supabase, status:new, niche:dental clinic",https://dentistlakelandfl.com/,google_places
,,info@rls-academy.com,+18639402178,Rising Little Stars Academy,"import:supabase, status:new, niche:daycare center",https://lw-academy.com/RLS/,google_places
,,northlakeland@coastdental.com,+18639370190,Coast Dental,"import:supabase, status:new, niche:dental clinic",https://www.coastdental.com/dentist-office/lakeland-fl-33809?utm_source=gmb&utm_medium=organic,google_places
,,info@pawsplusvet.org,+18635835060,Paws Plus Veterinary,"import:supabase, status:new, niche:veterinary clinic",http://www.pawsplusvet.org/,google_places
,,lakeland@urgentvet.com,+18633452800,UrgentVet,"import:supabase, status:new, niche:veterinary clinic",https://urgentvet.com/location/lakeland-fl/,google_places
,,familymartialac@gmail.com,+18636465425,Family Martial Arts Center,"import:supabase, status:new, niche:martial arts school",http://www.fmacfamily.com/,google_places
,,aarlakeland@gmail.com,+18639409797,American Auto Repair,"import:supabase, status:new, niche:auto repair shop",https://americanautorepair.com/,google_places
,,info@rdsautolakeland.com,+18636403010,RDS Automotive Lakeland Mechanic,"import:supabase, status:new, niche:auto repair shop",http://www.rdsautolakeland.com/,google_places
,,bull4kicks2000@yahoo.com,+19125362280,Valor Martial Arts,"import:supabase, status:new, niche:martial arts school",http://valormartialartsfl.com/,google_places
,,warriorcombatkids@gmail.com,+18639402536,Warrior Combat and Fitness Academy,"import:supabase, status:new, niche:martial arts school",http://warriorcombatlakeland.com/,google_places
,,shibumi81@gmail.com,+18639441470,Shorin-Bushido Dojo,"import:supabase, status:new, niche:martial arts school",https://shorin-bushidodojo.com/,google_places
,,red@redbeardcombatives.com,+18636600756,REDBEARD COMBATIVES,"import:supabase, status:new, niche:martial arts school",http://www.redbeardcombatives.com/,google_places
,,info@dawsonslearning.com,+18638163081,Dawson's Learning Academy,"import:supabase, status:new, niche:daycare center",https://www.dawsonslearning.com/,google_places
,,info@lfalakeland.com,+18636468400,Little Footsteps Academy Center LLC,"import:supabase, status:new, niche:daycare center",http://littlefootstepslakeland.com/,google_places
,,localremedysalon@gmail.com,+18636065381,Local Remedy,"import:supabase, status:new, niche:hair salon",http://www.localremedylakeland.com/,google_places
,,info@saddlecreekvet.com,+18636655033,Saddle Creek Veterinary Hospital,"import:supabase, status:new, niche:veterinary clinic",https://saddlecreekvet.com/,google_places
,,privilegedcritters@gmail.com,+18638165815,Privileged Critters Animal Hospital,"import:supabase, status:new, niche:veterinary clinic",http://www.privilegedcritters.com/,google_places
,,info@vetserlakeland.com,+18633458387,VETS ER: Veterinary Emergency Triage and Surgery,"import:supabase, status:new, niche:veterinary clinic",http://vetserlakeland.com/,google_places
,,stephen@marketmuscles.com,+18633545467,Karate Beyond,"import:supabase, status:new, niche:martial arts school",http://www.karatebeyond.com/,google_places
,,info@tlcpetsnip.org,+18636867647,"TLC PetSnip, Inc","import:supabase, status:new, niche:veterinary clinic",http://www.tlcpetsnip.org/,google_places
,,info@sanctifyjiujitsu.com,+18633389011,Sanctify Jiu Jitsu Academy,"import:supabase, status:new, niche:martial arts school",https://sanctifyjiujitsu.com/,google_places
,,careanimalclinicfl@hotmail.com,+18636652000,Care Animal Clinic,"import:supabase, status:new, niche:veterinary clinic",http://careanimalclinicfl.com/,google_places
,,nolazg@aol.com,+18638581718,Marcum Road Animal Hospital,"import:supabase, status:new, niche:veterinary clinic",http://marcumroadvet.com/,google_places
Pristine,,,+18636248558,Pristine Remodeling and Painting,"import:supabase, status:new, niche:Painter",http://pristinefl.com/,lakeland_finds_directory
,,elyocekim2@aol.com,+18636874540,Coyle Chiropractic,"import:supabase, status:new, niche:chiropractic clinic",http://www.coylechiro.net/,google_places
,,example@gmail.com,+18639403444,Chiromed Wellness Centers,"import:supabase, status:new, niche:chiropractic clinic",https://chiromedfl.com/?utm_source=GBP&utm_medium=organic,google_places
,,alignedlifechirofl@gmail.com,+18635004400,Aligned Life Chiropractic,"import:supabase, status:new, niche:chiropractic clinic",https://alignedlifechiro.com/,google_places
,,tim@maranathalaw.com,+18632310738,Maranatha Law,"import:supabase, status:new, niche:law firm",https://maranathalaw.com/?utm_source=gbp&utm_medium=organic&utm_campaign=listing&utm_content=lakeland,google_places
Ronnie's,,,+18638591441,"Ronnie's Carpets, Inc.","import:supabase, status:new, niche:Carpet Cleaning",http://www.ronniescarpets.com/,lakeland_finds_directory
,,hi@mystore.com,+18633334083,Finesse By Von Hair Studio,"import:supabase, status:new, niche:hair salon",http://finessebyvonhairstudio.square.site/,google_places
S,,,+17863980716,S & F LLC. HANDYMAN SERVICES,"import:supabase, status:new, niche:Handyman",,lakeland_finds_directory
,,greg@sanoba.com,+18636835353,The Sanoba Law Firm,"import:supabase, status:new, niche:law firm",http://www.sanoba.com/,google_places
,,customerinfo@littletristantreehouse.com,+18639373759,Little Tristan Treehouse Preschool,"import:supabase, status:new, niche:daycare center",http://littletristantreehouse.com/,google_places
,,hello@irelanvets.com,+18638599485,Dr. Bob Irelan's Veterinary Services,"import:supabase, statu
